<?xml version="1.0" encoding="UTF-8"?>
<beans xmlns="http://www.springframework.org/schema/beans"
	xmlns:context="http://www.springframework.org/schema/context"
	xmlns:mvc="http://www.springframework.org/schema/mvc" xmlns:xsi="http://www.w3.org/2001/XMLSchema-instance"
	xsi:schemaLocation="http://www.springframework.org/schema/beans       
						http://www.springframework.org/schema/beans/spring-beans-3.0.xsd       
						http://www.springframework.org/schema/context       
						http://www.springframework.org/schema/context/spring-context-3.0.xsd       
						http://www.springframework.org/schema/mvc       
						http://www.springframework.org/schema/mvc/spring-mvc-3.0.xsd">
 
    <mvc:resources mapping="/resources/**" location="/resources/" cache-period="31556926"/>
    <!-- declare mvc to be annotation driven -->
	<mvc:annotation-driven />
	<context:annotation-config />
	
	<!-- provide Your Base package to scan annotations for components -->
	<context:component-scan base-package="com.training.ims" />
	
	<!-- Configuration for View page resolver.here we are using jsp pages -->
	<bean id="viewResolver"
		class="org.springframework.web.servlet.view.InternalResourceViewResolver">
		<property name="viewClass">
			<value>org.springframework.web.servlet.view.JstlView</value>
		</property>
		<property name="prefix">
			<value>/WEB-INF/jsp/</value>
		</property>
		<property name="suffix">
			<value>.jsp</value>
		</property>
	</bean>
 
	<bean id="loginService" class="com.training.ims.service.LoginServiceImpl" />
	<bean id="loginDao" class="com.training.ims.dao.LoginDaoImpl" />
	
	<bean id="customerService" class="com.training.ims.service.CustomerServiceImpl" />
	<bean id="customerDao" class="com.training.ims.dao.CustomerDaoImpl" />
	
	<bean id="productService" class="com.training.ims.service.ProductServiceImpl" />
	<bean id="productDao" class="com.training.ims.dao.ProductDaoImpl" />
	
	<bean id="orderService" class="com.training.ims.service.OrderServiceImpl" />
	<bean id="orderDao" class="com.training.ims.dao.OrderDaoImpl" />
	
    <bean id="supplierService" class="com.training.ims.service.SupplierServiceImpl" />
	<bean id="supplierDao" class="com.training.ims.dao.SupplierDaoImpl" />
	
	<bean id="userService" class="com.training.ims.service.UserServiceImpl" />
	<bean id="userDao" class="com.training.ims.dao.UserDaoImpl" />
	
	<bean id="databaseProperties" class="org.springframework.beans.factory.config.PropertyPlaceholderConfigurer">
    <property name="location" value="resources/Database.properties" />

</bean>
 
	<!-- DataSource configuration of database -->
	<!-- <bean id="dataSource" class="org.apache.commons.dbcp.BasicDataSource" destroy-method="close"> -->
	<!-- <bean id="dataSource" class="org.springframework.jdbc.datasource.DriverManagerDataSource"> -->
	<bean id="dataSource" class="org.apache.commons.dbcp.BasicDataSource" destroy-method="close"> 
		<property name="driverClassName" value="${jdbc.driverClassName}" />  
		<property name="url" value="${jdbc.url}" />  
		<property name="username" value="${jdbc.username}"/>
		<property name="password" value="${jdbc.password}"/>
		<property name="removeAbandoned" value="true"/>
   		<property name="initialSize" value="3" />
   		<property name="maxActive" value="6" />
	</bean>
		
</beans>    